Asset,Daily Volatility,Annual Volatility,Sharpe Ratio,Beta (vs BTC)
BTC,0.022133048141583185,0.35135124683069646,-0.01682063288684637,1.0
ETH,0.03932916408275386,0.6243311246101226,-0.013610799037038305,1.4568847861175152
SOL,0.0452680099263994,0.7186073796723367,-0.02970239541530432,1.633451259458457
ADA,0.05443820662848204,0.8641797393558687,-0.04665329957931847,1.9164241672550766
DOGE,0.04905596686892042,0.778739331953924,-0.0533428065060254,1.790642741780848
