Asset,Daily Volatility,Annual Volatility,Sharpe Ratio,Beta (vs BTC),Risk Level
BTC,0.0217186278756112,0.3447725290585342,-0.005106697967324,1.0,Low Risk
ETH,0.038968525414271,0.6186061632303682,-0.003484114743133,1.4795189443761207,Medium Risk
SOL,0.0446257008042205,0.7084110384596559,-0.0228295728278998,1.6514946506825552,High Risk
ADA,0.0539950982800737,0.8571456123933985,-0.0436988007566093,1.9644228421482104,High Risk
DOGE,0.0488649858295979,0.7757076019428687,-0.0478617588009522,1.819694146072048,High Risk
